followed,ads,suggested
56,21,23
,
,
,
,
,
,
,
,
,
,
,
,
,
,
,
,
,
,
,
games,humor,ranting,query,people,help,tech,showcase
16,36,1,2,1,4,14,5
,
,
,
,
,
,
,
,
,
,
,
,
,
,
,
,
,
,
,
r/beamng,r/programmerhumor,r/forzahorizon,r/mildlyinfuriating,r/holup,r/technicallythetruth,r/aspiememes,r/askreddit,r/moldymemes,r/mathmemes,r/mademesmile,r/prusa3d,r/meirl,r/iiiiiiitttttttttttt,r/linustechtips,r/sciencememes,r/engineeringmemes,r/programminghorror,r/ender3,r/pics,r/unexpected,r/steamdeck,r/wholesomememes,r/electroboom,r/pcmasterrace,r/whatswrongwithyourcat,r/macos,r/forza,r/trailmakers,r/fixmyprint,r/3dprinting,r/softwaregore,r/simracing,r/pcbuild,r/macgaming,r/mac
8,6,3,1,2,2,4,2,4,2,1,2,8,1,5,1,1,1,3,4,1,1,1,1,1,1,2,2,1,1,1,1,1,1,1,1
